Season,Team,Promoted,Relegated,Division,Played,Won,Drew,Lost,For,Against,Points,League Position,TeamsInTopLeague,OverallPosition,FA Cup,League Cup,Community Shield,Champions League,Europa League,Cup Winners’ Cup,Super Cup,Club World Cup,HomeLeagueGamesPlayed,HomeLeagueGameResult,HomeLeagueGoalsForHeadToHead,HomeLeagueGoalsAgainstHeadToHead,HomeLeagueWinsHeadToHead,HomeLeagueDrawsHeadToHead,HomeLeagueLostHeadToHead,AwayLeagueGamesPlayed,AwayLeagueGameResult,AwayLeagueGoalsForHeadToHead,AwayLeagueGoalsAgainstHeadToHead,AwayLeagueWinsHeadToHead,AwayLeagueDrawsHeadToHead,AwayLeagueLostHeadToHead,TotalLeaguePlayedHeadToHead,TotalLeagueWonHeadToHead,TotalLeagueDrawHeadToHead,TotalLeagueLostHeadToHead,TotalLeagueGoalsForHeadToHead,TotalLeagueGoalsAgainstHeadToHead,TotalLeaguePointsHeadToHead,HomeCupGamesPlayed,HomeCupGameResult,HomeCupGoalsForHeadToHead,HomeCupGoalsAgainstHeadToHead,HomeCupWinsHeadToHead,HomeCupDrawsHeadToHead,HomeCupLostHeadToHead,AwayCupGamesPlayed,AwayCup GameResult,AwayCupGoalsForHeadToHead,AwayCupGoalsAgainstHeadToHead,AwayCupWinsHeadToHead,AwayCupDrawsHeadToHead,AwayCupLostHeadToHead,NeutralCupGamesPlayed,NeutralCupGameResult,NeutralCupGoalsForHeadToHead,NeutralCupGoalsAgainstHeadToHead,NeutralCupWinsHeadToHead,NeutralCupDrawsHeadToHead,NeutralCupLostHeadToHead,TotalCupPlayedHeadToHead,TotalCupWonHeadToHead,TotalCupDrawHeadToHead,TotalCupLostHeadToHead,TotalCupGoalsForHeadToHead,TotalCupGoalsAgainstHeadToHead,TotalAllPlayedHeadToHead,TotalAllWonHeadToHead,TotalAllDrawHeadToHead,TotalAllLostHeadToHead,TotalAllGoalsForHeadToHead,TotalAllGoalsAgainstHeadToHead
1894,Liverpool,Y,,Division 2,28,22,6,0,77,18,50,1,16,17,R3,—,—,—,—,—,—,—,,,,,,,,,,,,,,,,,,,,,,,,,,,,,,,,,,,,1,2-0,2,0,1,,,1,1,,,2,0,1,1,0,0,2,0
1895,Liverpool,,Y,Division 1,30,7,8,15,51,70,22,16,16,16,R2,—,—,—,—,—,—,—,,,,,,,,,,,,,,,,,,,,,,,,,,,,,,,,,,,,,,,,,,,,,,,,,,,,,,
1896,Liverpool,Y,,Division 2,30,22,2,6,106,32,46,1,16,17,R2,—,—,—,—,—,—,—,1,7–1,7,1,1,,,1,2-5,2,5,,,1,2,1,0,1,9,6,2,,,,,,,,,,,,,,,,,,,,,,,,,,,,2,1,0,1,9,6
1897,Liverpool,,,Division 1,30,12,9,9,46,38,33,5,16,5,SF,—,—,—,—,—,—,—,,,,,,,,,,,,,,,,,,,,,,,,,,,,,,,,,,,,,,,,,,,,,,,,,,,,,,
1898,Liverpool,,,Division 1,30,11,6,13,48,45,28,9,16,9,R3,—,—,—,—,—,—,—,,,,,,,,,,,,,,,,,,,,,,1,2-1,2,1,1,,,1,0-0,0,0,,1,,,,,,,,,2,1,1,,2,1,2,1,1,0,2,1
1899,Liverpool,,,Division 1,34,19,5,10,49,33,43,2,18,2,SF,—,—,—,—,—,—,—,,,,,,,,,,,,,,,,,,,,,,,,,,,,,,,,,,,,,,,,,,,,,,,,,,,,,,
1900,Liverpool,,,Division 1,34,14,5,15,49,45,33,10,18,10,R2,—,—,—,—,—,—,—,,,,,,,,,,,,,,,,,,,,,,,,,,,,,,,,,,,,,,,,,,,,,,,,,,,,,,
1901,Liverpool,,,Division 1,34,19,7,8,59,35,45,1,18,1,R1,—,—,—,—,—,—,—,,,,,,,,,,,,,,,,,,,,,,,,,,,,,,,,,,,,,,,,,,,,,,,,,,,,,,
1902,Liverpool,,,Division 1,34,10,12,12,42,38,32,11,18,11,R2,—,—,—,—,—,—,—,,,,,,,,,,,,,,,,,,,,,,,,,,,,,,,,,,,,,,,,,,,,,,,,,,,,,,
1903,Liverpool,,,Division 1,34,17,4,13,68,49,38,5,18,5,R1,—,—,—,—,—,—,—,,,,,,,,,,,,,,,,,,,,,,,,,,,,,,1-2,1,2,,,1,,,,,,,,1,,,1,1,2,1,0,0,1,1,2
1904,Liverpool,,Y,Division 1,34,9,8,17,49,62,26,17,18,17,R1,—,—,—,—,—,—,—,,,,,,,,,,,,,,,,,,,,,,,,,,,,,,,,,,,,,,,,,,,,,,,,,,,,,,
1905,Liverpool,Y,,Division 2,34,27,4,3,93,25,58,1,18,19,R1,—,—,—,—,—,—,—,1,4–0,4,0,1,,,1,1-3,1,3,,,1,2,1,0,1,5,3,2,,,,,,,,,,,,,,,,,,,,,,,,,,,,2,1,0,1,5,3
1906,Liverpool,,,Division 1,38,23,5,10,79,46,51,1,20,1,SF,—,—,—,—,—,—,—,,,,,,,,,,,,,,,,,,,,,,,,,,,,,,,,,,,,,,,,,,,,,,,,,,,,,,
1907,Liverpool,,,Division 1,38,13,7,18,64,65,33,15,20,15,R4,—,—,—,—,—,—,—,1,0–1,0,1,,,1,1,0–0,0,0,,1,,2,0,1,1,0,1,1,,,,,,,,,,,,,,,,,,,,,,,,,,,,2,0,1,1,0,1
1908,Liverpool,,,Division 1,38,16,6,16,68,61,38,8,20,8,R3,—,—,—,—,—,—,—,1,7–4,7,4,1,,,1,0-4,0,4,,,1,2,1,0,1,7,8,2,,,,,,,,,,,,,,,,,,,,,,,,,,,,2,1,0,1,7,8
1909,Liverpool,,,Division 1,38,15,6,17,57,65,36,16,20,16,R2,—,—,—,—,—,—,—,1,3–1,3,1,1,,,1,2-3,2,3,,,1,2,1,0,1,5,4,2,,,,,,,,,,,,,,,,,,,,,,,,,,,,2,1,0,1,5,4
1910,Liverpool,,,Division 1,38,21,6,11,78,57,48,2,20,2,R1,—,—,—,—,—,—,—,1,3–2,3,2,1,,,1,4-3,4,3,1,,,2,2,0,0,7,5,4,,,,,,,,,,,,,,,,,,,,,,,,,,,,2,2,0,0,7,5
1911,Liverpool,,,Division 1,38,15,7,16,53,53,37,13,20,13,R2,—,—,—,—,—,—,—,1,3–2,3,2,1,,,1,0-2,0,2,,,1,2,1,0,1,3,4,2,,,,,,,,,,,,,,,,,,,,,,,,,,,,2,1,0,1,3,4
1912,Liverpool,,,Division 1,38,12,10,16,49,55,34,17,20,17,R2,—,—,—,—,—,—,—,1,3–2,3,2,1,,,1,1–1,1,1,,1,,2,1,1,0,4,3,3,,,,,,,,,,,,,,,,,,,,,,,,,,,,2,1,1,0,4,3
1913,Liverpool,,,Division 1,38,16,5,17,61,71,37,12,20,12,R3,—,—,—,—,—,—,—,1,0–2,0,2,,,1,1,1-3,1,3,,,1,2,0,0,2,1,5,0,,,,,,,,,,,,,,,,,,,,,,,,,,,,2,0,0,2,1,5
1914,Liverpool,,,Division 1,38,14,7,17,46,62,35,16,20,16,RU,—,—,—,—,—,—,—,1,1–2,1,2,,,1,1,0-3,0,3,,,1,2,0,0,2,1,5,0,,,,,,,,,,,,,,,,,,,,,,,,,,,,2,0,0,2,1,5
1915,Liverpool,,,Division 1,38,14,9,15,65,75,37,13,20,13,R2,—,—,—,—,—,—,—,1,1–1,1,1,,1,,1,0-2,0,2,,,1,2,0,1,1,1,3,1,,,,,,,,,,,,,,,,,,,,,,,,,,,,2,0,1,1,1,3
1920,Liverpool,,,Division 1,42,19,10,13,59,44,48,4,22,4,R4,—,—,—,—,—,—,—,1,0–0,0,0,,1,,1,0–0,0,0,,1,,2,0,2,0,0,0,2,,,,,,,,,,,,,,,,,,,,,,,,,,,,2,0,2,0,0,0
1921,Liverpool,,,Division 1,42,18,15,9,63,35,51,4,22,4,R2,—,—,—,—,—,—,—,1,2–0,2,0,1,,,1,1–1,1,1,,1,,2,1,1,0,3,1,3,1,1-1,1,1,,1,,1,2-1,2,1,1,,,,,,,,,,2,1,1,,3,2,4,2,2,0,6,3
1922,Liverpool,,,Division 1,42,22,13,7,63,36,57,1,22,1,R2,—,—,—,—,—,—,—,1,2–1,2,1,1,,,1,0–0,0,0,,1,,2,1,1,0,2,1,3,,,,,,,,,,,,,,,,,,,,,,,,,,,,2,1,1,0,2,1
1923,Liverpool,,,Division 1,42,26,8,8,70,31,60,1,22,1,R3,—,RU,—,—,—,—,—,,,,,,,,,,,,,,,,,,,,,,,,,,,,,,,,,,,,,,,,,,,,,,,,,,,,,,
1924,Liverpool,,,Division 1,42,15,11,16,49,48,41,12,22,12,R4,—,—,—,—,—,—,—,,,,,,,,,,,,,,,,,,,,,,,,,,,,,,,,,,,,,,,,,,,,,,,,,,,,,,
1925,Liverpool,,,Division 1,42,20,10,12,63,55,50,4,22,4,R4,—,—,—,—,—,—,—,,,,,,,,,,,,,,,,,,,,,,,,,,,,,,,,,,,,,,,,,,,,,,,,,,,,,,
1926,Liverpool,,,Division 1,42,14,16,12,70,63,44,7,22,7,R4,—,—,—,—,—,—,—,1,5–0,5,0,1,,,1,3–3,3,3,,1,,2,1,1,0,8,3,3,,,,,,,,,,,,,,,,,,,,,,,,,,,,2,1,1,0,8,3
1927,Liverpool,,,Division 1,42,18,7,17,69,61,43,9,22,9,R5,—,—,—,—,—,—,—,1,4–2,4,2,1,,,1,1-0,1,0,1,,,2,2,0,0,5,2,4,,,,,,,,,,,,,,,,,,,,,,,,,,,,2,2,0,0,5,2
1928,Liverpool,,,Division 1,42,13,13,16,84,87,39,16,22,16,R4,—,—,—,—,—,—,—,1,2–0,2,0,1,,,1,1-6,1,6,,,1,2,1,0,1,3,6,2,,,,,,,,,,,,,,,,,,,,,,,,,,,,2,1,0,1,3,6
1929,Liverpool,,,Division 1,42,17,12,13,90,64,46,4,22,4,R4,—,—,—,—,—,—,—,1,2–3,2,3,,,1,1,2–2,2,2,,1,,2,0,1,1,4,5,1,,,,,,,,,,,,,,,,,,,,,,,,,,,,2,0,1,1,4,5
1930,Liverpool,,,Division 1,42,16,9,17,63,79,41,12,22,12,R3,—,—,—,—,—,—,—,1,1–0,1,0,1,,,1,2-1,2,1,1,,,2,2,0,0,3,1,4,,,,,,,,,,,,,,,,,,,,,,,,,,,,2,2,0,0,3,1
1931,Liverpool,,,Division 1,42,15,12,15,86,85,42,9,22,9,R3,—,—,—,—,—,—,—,1,1–1,1,1,,1,,1,1-4,1,4,,,1,2,0,1,1,2,5,1,,,,,,,,,,,,,,,,,,,,,,,,,,,,2,0,1,1,2,5
1932,Liverpool,,,Division 1,42,19,6,17,81,93,44,10,22,10,QF,—,—,—,—,—,—,—,,,,,,,,,,,,,,,,,,,,,,,,,,,,,,,,,,,,,,,,,,,,,,,,,,,,,,
1933,Liverpool,,,Division 1,42,14,11,17,79,84,39,14,22,14,R3,—,—,—,—,—,—,—,,,,,,,,,,,,,,,,,,,,,,,,,,,,,,,,,,,,,,,,,,,,,,,,,,,,,,
1934,Liverpool,,,Division 1,42,14,10,18,79,87,38,18,22,18,R5,—,—,—,—,—,—,—,,,,,,,,,,,,,,,,,,,,,,,,,,,,,,,,,,,,,,,,,,,,,,,,,,,,,,
1935,Liverpool,,,Division 1,42,19,7,16,85,88,45,7,22,7,R4,—,—,—,—,—,—,—,,,,,,,,,,,,,,,,,,,,,,,,,,,,,,,,,,,,,,,,,,,,,,,,,,,,,,
1936,Liverpool,,,Division 1,42,13,12,17,60,64,38,19,22,19,R3,—,—,—,—,—,—,—,,,,,,,,,,,,,,,,,,,,,,,,,,,,,,,,,,,,,,,,,,,,,,,,,,,,,,
1937,Liverpool,,,Division 1,42,12,11,19,62,84,35,18,22,18,R3,—,—,—,—,—,—,—,1,2–0,2,0,1,,,1,5-2,5,2,1,,,2,2,0,0,7,2,4,,,,,,,,,,,,,,,,,,,,,,,,,,,,2,2,0,0,7,2
1938,Liverpool,,,Division 1,42,15,11,16,65,71,41,11,22,11,R5,—,—,—,—,—,—,—,,,,,,,,,,,,,,,,,,,,,,,,,,,,,,,,,,,,,,,,,,,,,,,,,,,,,,
1939,Liverpool,,,Division 1,42,14,14,14,62,63,42,11,22,11,R5,—,—,—,—,—,—,—,1,1–0,1,0,1,,,1,0-2,0,2,,,1,2,1,0,1,1,2,2,,,,,,,,,,,,,,,,,,,,,,,,,,,,2,1,0,1,1,2
1947,Liverpool,,,Division 1,42,25,7,10,84,52,57,1,22,1,SF,—,—,—,—,—,—,—,1,1–0,1,0,1,,,1,0-5,0,5,,,1,2,1,0,1,1,5,2,,,,,,,,,,,,,,,,,,,,,,,,,,,,2,1,0,1,1,5
1948,Liverpool,,,Division 1,42,16,10,16,65,61,42,11,22,11,R5,—,—,—,—,—,—,—,1,2–2,2,2,,1,,1,0-2,0,2,,,1,2,0,1,1,2,4,1,,,,,,,,,,,,,,,1,0-3,0,3,,,1,1,,,1,0,3,3,0,1,2,2,7
1949,Liverpool,,,Division 1,42,13,14,15,53,43,40,12,22,12,R5,—,—,—,—,—,—,—,1,0–2,0,2,,,1,1,0–0,0,0,,1,,2,0,1,1,0,2,1,,,,,,,,,,,,,,,,,,,,,,,,,,,,2,0,1,1,0,2
1950,Liverpool,,,Division 1,42,17,14,11,64,54,48,8,22,8,RU,—,—,—,—,—,—,—,1,1–1,1,1,,1,,1,0–0,0,0,,1,,2,0,2,0,1,1,2,,,,,,,,,,,,,,,,,,,,,,,,,,,,2,0,2,0,1,1
1951,Liverpool,,,Division 1,42,16,11,15,53,59,43,9,22,9,R3,—,—,—,—,—,—,—,1,2–1,2,1,1,,,1,0-1,0,1,,,1,2,1,0,1,2,2,2,,,,,,,,,,,,,,,,,,,,,,,,,,,,2,1,0,1,2,2
1952,Liverpool,,,Division 1,42,12,19,11,57,61,43,11,22,11,R5,—,—,—,—,—,—,—,1,0–0,0,0,,1,,1,0-4,0,4,,,1,2,0,1,1,0,4,1,,,,,,,,,,,,,,,,,,,,,,,,,,,,2,0,1,1,0,4
1953,Liverpool,,,Division 1,42,14,8,20,61,82,36,17,22,17,R3,—,—,—,—,—,—,—,1,1–2,1,2,,,1,1,1-3,1,3,,,1,2,0,0,2,2,5,0,,,,,,,,,,,,,,,,,,,,,,,,,,,,2,0,0,2,2,5
1954,Liverpool,,Y,Division 1,42,9,10,23,68,97,28,22,22,22,R3,—,—,—,—,—,—,—,1,4–4,4,4,,1,,1,1-5,1,5,,,1,2,0,1,1,5,9,1,,,,,,,,,,,,,,,,,,,,,,,,,,,,2,0,1,1,5,9
1955,Liverpool,,,Division 2,42,16,10,16,92,96,42,11,22,33,R5,—,—,—,—,—,—,—,,,,,,,,,,,,,,,,,,,,,,,,,,,,,,,,,,,,,,,,,,,,,,,,,,,,,,
1956,Liverpool,,,Division 2,42,21,6,15,85,63,48,3,22,25,R5,—,—,—,—,—,—,—,,,,,,,,,,,,,,,,,,,,,,,,,,,,,,,,,,,,,,,,,,,,,,,,,,,,,,
1957,Liverpool,,,Division 2,42,21,11,10,82,54,53,3,22,25,R3,—,—,—,—,—,—,—,,,,,,,,,,,,,,,,,,,,,,,,,,,,,,,,,,,,,,,,,,,,,,,,,,,,,,
1958,Liverpool,,,Division 2,42,22,10,10,79,54,54,4,22,26,QF,—,—,—,—,—,—,—,,,,,,,,,,,,,,,,,,,,,,,,,,,,,,,,,,,,,,,,,,,,,,,,,,,,,,
1959,Liverpool,,,Division 2,42,24,5,13,87,62,53,4,22,26,R3,—,—,—,—,—,—,—,,,,,,,,,,,,,,,,,,,,,,,,,,,,,,,,,,,,,,,,,,,,,,,,,,,,,,
1960,Liverpool,,,Division 2,42,20,10,12,90,66,50,3,22,25,R4,—,—,—,—,—,—,—,,,,,,,,,,,,,,,,,,,,,,1,1-3,1,3,,,1,,,,,,,,,,,,,,,1,,,1,1,3,1,0,0,1,1,3
1961,Liverpool,,,Division 2,42,21,10,11,87,58,52,3,22,25,R4,R3,—,—,—,—,—,—,,,,,,,,,,,,,,,,,,,,,,,,,,,,,,,,,,,,,,,,,,,,,,,,,,,,,,
1962,Liverpool,Y,,Division 2,42,27,8,7,99,43,62,1,22,23,R5,—,—,—,—,—,—,—,,,,,,,,,,,,,,,,,,,,,,,,,,,,,,,,,,,,,,,,,,,,,,,,,,,,,,
1963,Liverpool,,,Division 1,42,17,10,15,71,59,44,8,22,8,SF,—,—,—,—,—,—,—,1,1–0,1,0,1,,,1,3–3,3,3,,1,,2,1,1,0,4,3,3,,,,,,,,,,,,,,,,,,,,,,,,,,,,2,1,1,0,4,3
1964,Liverpool,,,Division 1,42,26,5,11,92,45,57,1,22,1,QF,—,—,—,—,—,—,—,1,3–0,3,0,1,,,1,1-0,1,0,1,,,2,2,0,0,4,0,4,,,,,,,,,,,,,,,,,,,,,,,,,,,,2,2,0,0,4,0
1965,Liverpool,,,Division 1,42,17,10,15,67,73,44,7,22,7,W,—,W,SF,—,—,—,—,1,0–2,0,2,,,1,1,0-3,0,3,,,1,2,0,0,2,0,5,0,,,,,,,,1,2-2,2,2,,1,,,,,,,,,1,,1,,2,2,3,0,1,2,2,7
1966,Liverpool,,,Division 1,42,26,9,7,79,34,61,1,22,1,R3,—,W,—,—,RU,—,—,1,2–1,2,1,1,,,1,0-2,0,2,,,1,2,1,0,1,2,3,2,,,,,,,,,,,,,,,,,,,,,,,,,,,,2,1,0,1,2,3
1967,Liverpool,,,Division 1,42,19,13,10,64,47,51,5,22,5,R5,—,W,R2,—,—,—,—,1,0–0,0,0,,1,,1,2–2,2,2,,1,,2,0,2,0,2,2,2,,,,,,,,,,,,,,,,,,,,,,,,,,,,2,0,2,0,2,2
1968,Liverpool,,,Division 1,42,22,11,9,71,40,55,3,22,3,QF,R2,—,—,R3,—,—,—,1,1–2,1,2,,,1,1,2-1,2,1,1,,,2,1,0,1,3,3,2,,,,,,,,,,,,,,,,,,,,,,,,,,,,2,1,0,1,3,3
1969,Liverpool,,,Division 1,42,25,11,6,63,24,61,2,22,2,R5,R4,—,—,R1,—,—,—,1,2–0,2,0,1,,,1,0-1,0,1,,,1,2,1,0,1,2,1,2,,,,,,,,,,,,,,,,,,,,,,,,,,,,2,1,0,1,2,1
1970,Liverpool,,,Division 1,42,20,11,11,65,42,51,5,22,5,QF,R3,—,—,R2,—,—,—,1,1–4,1,4,,,1,1,0-1,0,1,,,1,2,0,0,2,1,5,0,,,,,,,,,,,,,,,,,,,,,,,,,,,,2,0,0,2,1,5
1971,Liverpool,,,Division 1,42,17,17,8,42,24,51,5,22,5,RU,R3,—,—,SF,—,—,—,1,1–1,1,1,,1,,1,2-0,2,0,1,,,2,1,1,0,3,1,3,,,,,,,,,,,,,,,,,,,,,,,,,,,,2,1,1,0,3,1
1972,Liverpool,,,Division 1,42,24,9,9,64,30,57,3,22,3,R4,R4,—,—,—,R2,—,—,1,2–2,2,2,,1,,1,3-0,3,0,1,,,2,1,1,0,5,2,3,,,,,,,,,,,,,,,,,,,,,,,,,,,,2,1,1,0,5,2
1973,Liverpool,,,Division 1,42,25,10,7,72,42,60,1,22,1,R4,R5,—,—,W,—,—,—,1,2–0,2,0,1,,,1,0-2,0,2,,,1,2,1,0,1,2,2,2,,,,,,,,,,,,,,,,,,,,,,,,,,,,2,1,0,1,2,2
1974,Liverpool,,,Division 1,42,22,13,7,52,31,57,2,22,2,W,R5,—,R2,—,—,—,—,1,2–0,2,0,1,,,1,0–0,0,0,,1,,2,1,1,0,2,0,3,,,,,,,,,,,,,,,,,,,,,,,,,,,,2,1,1,0,2,0
1975,Liverpool,,,Division 1,42,20,11,11,60,39,51,2,22,2,R4,R4,W,—,—,R2,—,—,,,,,,,,,,,,,,,,,,,,,,,,,,,,,,,,,,,,,,,,,,,,,,,,,,,,,,
1976,Liverpool,,,Division 1,42,23,14,5,66,31,60,1,22,1,R4,R3,—,—,W,—,—,—,1,3–1,3,1,1,,,1,0–0,0,0,,1,,2,1,1,0,3,1,3,,,,,,,,,,,,,,,,,,,,,,,,,,,,2,1,1,0,3,1
1977,Liverpool,,,Division 1,42,23,11,8,62,33,57,1,22,1,RU,R2,W,W,—,—,—,—,1,1–0,1,0,1,,,1,0–0,0,0,,1,,2,1,1,0,1,0,3,,,,,,,,,,,,,,,1,1-2,1,2,,1,,1,,,1,1,2,3,1,1,1,2,2
1978,Liverpool,,,Division 1,42,24,9,9,65,34,57,2,22,2,R3,RU,W,W,—,—,W,—,1,3–1,3,1,1,,,1,0-2,0,2,,,1,2,1,0,1,3,3,2,,,,,,,,,,,,,,,1,0-0,0,0,,,1,1,,1,,0,0,3,1,1,1,3,3
1979,Liverpool,,,Division 1,42,30,8,4,85,16,68,1,22,1,SF,R2,—,R1,—,—,RU,—,1,2–0,2,0,1,,,1,3-0,3,0,1,,,2,2,0,0,5,0,4,,,,,,,,,,,,,,,2,"2-2, 0-1",2,3,,1,1,2,,1,1,2,3,4,2,1,1,7,3
1980,Liverpool,,,Division 1,42,25,10,7,81,30,60,1,22,1,SF,SF,W,R1,—,—,—,—,1,2–0,2,0,1,,,1,1-2,1,2,,,1,2,1,0,1,3,2,2,,,,,,,,,,,,,,,,,,,,,,,,,,,,2,1,0,1,3,2
1981,Liverpool,,,Division 1,42,17,17,8,62,42,51,5,22,5,R4,W,W,W,—,—,—,—,1,0–1,0,1,,,1,1,0–0,0,0,,1,,2,0,1,1,0,1,1,,,,,,,,,,,,,,,,,,,,,,,,,,,,2,0,1,1,0,1
1982,Liverpool,,,Division 1,42,26,9,7,80,32,87,1,22,1,R5,W,—,QF,—,—,—,RU,1,1–2,1,2,,,1,1,1-0,1,0,1,,,2,1,0,1,2,2,3,,,,,,,,,,,,,,,,,,,,,,,,,,,,2,1,0,1,2,2
1983,Liverpool,,,Division 1,42,24,10,8,87,37,82,1,22,1,R5,W,W,QF,—,—,—,—,1,0–0,0,0,,1,,1,1–1,1,1,,1,,2,0,2,0,1,1,2,,,,,,,,,,,,,,,1,2-1,2,1,1,,,1,1,,,2,1,3,1,2,0,3,2
1984,Liverpool,,,Division 1,42,22,14,6,73,32,80,1,22,1,R4,W,RU,W,—,—,—,—,1,1–1,1,1,,1,,1,0-1,0,1,,,1,2,0,1,1,1,2,1,,,,,,,,,,,,,,,1,0-2,0,2,,,1,1,,,1,0,2,3,0,1,2,1,4
1985,Liverpool,,,Division 1,42,22,11,9,68,35,77,2,22,2,SF,R3,RU,RU,—,—,RU,RU,1,0–1,0,1,,,1,1,1–1,1,1,,1,,2,0,1,1,1,2,1,,,,,,,,,,,,,,,2,"2-2, 1-2",3,4,,1,1,2,,1,1,3,4,4,0,2,2,4,6
1986,Liverpool,,,Division 1,42,26,10,6,89,37,88,1,22,1,W,SF,—,—,—,—,—,—,1,1–1,1,1,,1,,1,1–1,1,1,,1,,2,0,2,0,2,2,2,1,2-1,2,1,1,,,,,,,,,,,,,,,,,1,1,,,2,1,3,1,2,0,4,3
1987,Liverpool,,,Division 1,42,23,8,11,72,42,77,2,22,2,R3,RU,W,—,—,—,—,—,1,0–1,0,1,,,1,1,0-1,0,1,,,1,2,0,0,2,0,2,0,,,,,,,,,,,,,,,,,,,,,,,,,,,,2,0,0,2,0,2
1988,Liverpool,,,Division 1,42,26,14,2,87,24,92,1,22,1,RU,R3,—,—,—,—,—,—,1,3–3,3,3,,1,,1,1–1,1,1,,1,,2,0,2,0,4,4,2,,,,,,,,,,,,,,,,,,,,,,,,,,,,2,0,2,0,4,4
1989,Liverpool,,,Division 1,40,22,10,6,65,28,76,2,21,2,W,R4,W,—,—,—,—,—,1,1–0,1,0,1,,,1,1-3,1,3,,,1,2,1,0,1,2,3,3,,,,,,,,,,,,,,,,,,,,,,,,,,,,2,1,0,1,2,3
1990,Liverpool,,,Division 1,38,23,10,5,78,37,79,1,20,1,SF,R3,W,—,—,—,—,—,1,0–0,0,0,,1,,1,2-1,2,1,1,,,2,1,1,0,2,1,4,,,,,,,,,,,,,,,,,,,,,,,,,,,,2,1,1,0,2,1
1991,Liverpool,,,Division 1,38,23,7,8,77,40,76,2,20,2,R5,R3,W,—,—,—,—,—,1,4–0,4,0,1,,,1,1–1,1,1,,1,,2,1,1,0,5,1,4,,,,,,,,1,1-3,1,3,,,1,1,1-1,1,1,,1,,2,,1,1,2,4,4,1,2,1,7,5
1992,Liverpool,,,Division 1,42,16,16,10,47,40,64,6,22,6,W,R4,—,—,QF,—,—,—,1,2–0,2,0,1,,,1,0–0,0,0,,1,,2,1,1,0,2,0,4,,,,,,,,,,,,,,,,,,,,,,,,,,,,2,1,1,0,2,0
1993,Liverpool,,,Division 1,42,16,11,15,62,55,59,6,22,6,R3,R4,RU,—,—,R2,—,—,1,1–2,1,2,,,1,1,2–2,2,2,,1,,2,0,1,1,3,4,1,,,,,,,,,,,,,,,,,,,,,,,,,,,,2,0,1,1,3,4
1994,Liverpool,,,Division 1,42,17,9,16,59,55,60,8,22,8,R3,R4,—,—,—,—,—,—,1,3–3,3,3,,1,,1,0-1,0,1,,,1,2,0,1,1,3,4,1,,,,,,,,,,,,,,,,,,,,,,,,,,,,2,0,1,1,3,4
1995,Liverpool,,,Division 1,42,21,11,10,65,37,74,4,22,4,QF,W,—,—,—,—,—,—,1,2–0,2,0,1,,,1,0-2,0,2,,,1,2,1,0,1,2,2,3,,,,,,,,,,,,,,,,,,,,,,,,,,,,2,1,0,1,2,2
1996,Liverpool,,,Division 1,38,20,11,7,70,34,71,3,20,3,RU,R4,—,—,R2,—,—,—,1,2–0,2,0,1,,,1,2–2,2,2,,1,,2,1,1,0,4,2,4,,,,,,,,,,,,,,,1,0-1,0,1,,,1,1,,,1,0,1,3,1,1,1,4,3
1997,Liverpool,,,Division 1,38,19,11,8,62,37,68,4,20,4,R4,R5,—,—,—,SF,—,—,1,1–3,1,3,,,1,1,0-1,0,1,,,1,2,0,0,2,1,4,0,,,,,,,,,,,,,,,,,,,,,,,,,,,,2,0,0,2,1,4
1998,Liverpool,,,Division 1,38,18,11,9,68,42,65,3,20,3,R3,SF,—,—,R2,—,—,—,1,1–3,1,3,,,1,1,1–1,1,1,,1,,2,0,1,1,2,4,1,,,,,,,,,,,,,,,,,,,,,,,,,,,,2,0,1,1,2,4
1999,Liverpool,,,Division 1,38,15,9,14,68,49,54,7,20,7,R4,R4,—,—,R3,—,—,—,1,2–2,2,2,,1,,1,0-2,0,2,,,1,2,0,1,1,2,4,1,,,,,,,,1,1-2,1,2,,,1,,,,,,,,1,,,1,1,2,3,0,1,2,3,6
2000,Liverpool,,,Division 1,38,19,10,9,51,30,67,4,20,4,R4,R3,—,—,—,—,—,—,1,2–3,2,3,,,1,1,1–1,1,1,,1,,2,0,1,1,3,4,1,,,,,,,,,,,,,,,,,,,,,,,,,,,,2,0,1,1,3,4
2001,Liverpool,,,Division 1,38,20,9,9,71,39,69,3,20,3,W,W,—,—,W,—,—,—,1,2–0,2,0,1,,,1,1-0,1,0,1,,,2,2,0,0,3,0,6,,,,,,,,,,,,,,,,,,,,,,,,,,,,2,2,0,0,3,0
2002,Liverpool,,,Division 1,38,24,8,6,67,30,80,2,20,2,R4,R3,W,QF,—,—,W,—,1,3–1,3,1,1,,,1,1-0,1,0,1,,,2,2,0,0,4,1,6,,,,,,,,,,,,,,,1,2-1,2,1,1,,,1,1,,,2,1,3,3,0,0,6,2
2003,Liverpool,,,Division 1,38,18,10,10,61,41,64,5,20,5,R4,W,RU,Gr [M,QF,—,—,—,1,1–2,1,2,,,1,1,0-4,0,4,,,1,2,0,0,2,1,6,0,,,,,,,,,,,,,,,1,2-0,2,0,1,,,1,1,,,2,0,3,1,0,2,3,6
2004,Liverpool,,,Division 1,38,16,12,10,55,37,60,4,20,4,R5,R4,—,—,R4,—,—,—,1,1–2,1,2,,,1,1,1-0,1,0,1,,,2,1,0,1,2,2,3,,,,,,,,,,,,,,,,,,,,,,,,,,,,2,1,0,1,2,2
2005,Liverpool,,,Division 1,38,17,7,14,52,41,58,5,20,5,R3,RU,—,W,—,—,—,—,1,0–1,0,1,,,1,1,1-2,1,2,,,1,2,0,0,2,1,3,0,,,,,,,,,,,,,,,,,,,,,,,,,,,,2,0,0,2,1,3
2006,Liverpool,,,Division 1,38,25,7,6,57,25,82,3,20,3,W,R3,—,R2,—,—,W,RU,1,0–0,0,0,,1,,1,0-1,0,1,,,1,2,0,1,1,0,1,1,1,1-0,1,0,1,,,,,,,,,,,,,,,,,1,1,,,1,0,3,1,1,1,1,1
2007,Liverpool,,,Division 1,38,20,8,10,57,27,68,3,20,3,R3,R5,W,RU,—,—,—,—,1,0–1,0,1,,,1,1,0-2,0,2,,,1,2,0,0,2,0,3,0,,,,,,,,,,,,,,,,,,,,,,,,,,,,2,0,0,2,0,3
2008,Liverpool,,,Division 1,38,21,13,4,67,28,76,4,20,4,R5,R5,—,SF,—,—,—,—,1,0–1,0,1,,,1,1,0-3,0,3,,,1,2,0,0,2,0,4,0,,,,,,,,,,,,,,,,,,,,,,,,,,,,2,0,0,2,0,4
2009,Liverpool,,,Division 1,38,25,11,2,77,27,86,2,20,2,R4,R4,—,QF,—,—,—,—,1,2–1,2,1,1,,,1,4-1,4,1,1,,,2,2,0,0,6,2,6,,,,,,,,,,,,,,,,,,,,,,,,,,,,2,2,0,0,6,2
2010,Liverpool,,,Division 1,38,18,9,11,61,35,63,7,20,7,R3,R4,—,Gr [M,SF,—,—,—,1,2–0,2,0,1,,,1,1-2,1,2,,,1,2,1,0,1,3,2,3,,,,,,,,,,,,,,,,,,,,,,,,,,,,2,1,0,1,3,2
2011,Liverpool,,,Division 1,38,17,7,14,59,44,58,6,20,6,R3,R3,—,—,R16,—,—,—,1,3–1,3,1,1,,,1,2-3,2,3,,,1,2,1,0,1,5,4,3,,,,,,,,1,0-1,0,1,,,1,,,,,,,,1,,,1,0,1,3,1,0,2,5,5
2012,Liverpool,,,Division 1,38,14,10,14,47,40,52,8,20,8,RU,W,—,—,—,—,—,—,1,1–1,1,1,,1,,1,1-2,1,2,,,1,2,0,1,1,2,3,1,1,2-1,2,1,1,,,,,,,,,,,,,,,,,1,1,,,2,1,3,1,1,1,4,4
2013,Liverpool,,,Division 1,38,16,13,9,71,43,61,7,20,7,R4,R4,—,—,R32,—,—,—,1,1–2,1,2,,,1,1,1-2,1,2,,,1,2,0,0,2,2,4,0,,,,,,,,,,,,,,,,,,,,,,,,,,,,2,0,0,2,2,4
2014,Liverpool,,,Division 1,38,26,6,6,101,50,84,2,20,2,R5,R3,—,—,—,—,—,—,1,1–0,1,0,1,,,1,3-0,3,0,1,,,2,2,0,0,4,0,6,,,,,,,,1,0-1,0,1,,,1,,,,,,,,1,,,1,0,1,3,2,0,1,4,1
2015,Liverpool,,,Division 1,38,18,8,12,52,48,62,6,20,6,SF,SF,—,Gr [M,R32,—,—,—,1,1–2,1,2,,,1,1,0-3,0,3,,,1,2,0,0,2,1,5,0,,,,,,,,,,,,,,,,,,,,,,,,,,,,2,0,0,2,1,5
2016,Liverpool,,,Division 1,38,16,12,10,63,50,60,8,20,8,R4,RU,—,—,RU,—,—,—,1,0–1,0,1,,,1,1,1-3,1,3,,,1,2,0,0,2,1,4,0,1,2-0,2,0,1,,,1,1-1,1,1,,1,,,,,,,,,2,1,1,,3,1,4,1,1,2,4,5
,,,,,4452,2106,1086,1258,7594,5471,6007,,,,,,,,,,,,,,138,93,39,19,25,,,78,140,16,25,42,166,55,44,67,216,233,172,7,,11,7,5,1,1,8,,8,13,1,3,5,14,,15,18,4,4,6,30,10,8,12,34,38,196,65,52,79,250,271
,,,,,,,,,,,,,,,,,,,,,,,,,,,,,,,,,,,,,,,,,,,,,,,,,,,,,,,,,,,,,,,,,,,,,,,,,,,,
1894,Manchester,,Y,Division 1,30,6,2,22,36,72,14,16,16,16,R2,,,,,,,,,,,,,,,,,,,,,,,,,,,,,,,,,,,,,,,,,,,1,0-2,0,2,,,1,1,,,1,0,2,1,0,0,1,0,2
1895,Manchester,,,Division 2,30,15,8,7,78,44,38,3,16,19,R1,,,,,,,,,,,,,,,,,,,,,,,,,,,,,,,,,,,,,,,,,,,,,,,,,,,,,,,,,,,,,
1896,Manchester,,,Division 2,30,15,3,12,66,57,33,6,16,22,R2,,,,,,,,1,5–2,5,2,1,,,1,1-7,1,7,,,1,2,1,0,1,6,9,2,,,,,,,,,,,,,,,,,,,,,,,,,,,,2,1,0,1,6,9
1897,Manchester,,,Division 2,30,17,5,8,56,34,39,2,16,18,R3,,,,,,,,,,,,,,,,,,,,,,,,,,,,,,,,,,,,,,,,,,,,,,,,,,,,,,,,,,,,,
1898,Manchester,,,Division 2,30,16,6,8,64,35,38,4,16,20,R2,,,,,,,,,,,,,,,,,,,,,,,,,,,,,,0-0,0,0,,1,,,1-2,1,2,,,1,,,,,,,,2,,1,1,1,2,2,0,1,1,1,2
1899,Manchester,,,Division 2,34,19,5,10,67,43,43,4,18,22,R1,,,,,,,,,,,,,,,,,,,,,,,,,,,,,,,,,,,,,,,,,,,,,,,,,,,,,,,,,,,,,
1900,Manchester,,,Division 2,34,20,4,10,63,27,44,4,18,22,QR3,,,,,,,,,,,,,,,,,,,,,,,,,,,,,,,,,,,,,,,,,,,,,,,,,,,,,,,,,,,,,
1901,Manchester,,,Division 2,34,14,4,16,42,38,32,10,18,28,R1,,,,,,,,,,,,,,,,,,,,,,,,,,,,,,,,,,,,,,,,,,,,,,,,,,,,,,,,,,,,,
1902,Manchester,,,Division 2,34,11,6,17,38,53,28,15,18,33,RInt,,,,,,,,,,,,,,,,,,,,,,,,,,,,,,,,,,,,,,,,,,,,,,,,,,,,,,,,,,,,,
1903,Manchester,,,Division 2,34,15,8,11,53,38,38,5,18,23,R2,,,,,,,,,,,,,,,,,,,,,,,,,,,,,1,2-1,2,1,1,,,,,,,,,,,,,,,,,1,1,,,2,1,1,1,0,0,2,1
1904,Manchester,,,Division 2,34,20,8,6,65,33,48,3,18,21,R2,,,,,,,,,,,,,,,,,,,,,,,,,,,,,,,,,,,,,,,,,,,,,,,,,,,,,,,,,,,,,
1905,Manchester,,,Division 2,34,24,5,5,81,30,53,3,18,21,RInt,,,,,,,,1,3–1,3,1,1,,,1,0-4,0,4,,,1,2,1,0,1,3,5,2,,,,,,,,,,,,,,,,,,,,,,,,,,,,2,1,0,1,3,5
1906,Manchester,Y,,Division 2,38,28,6,4,90,28,62,2,20,22,R4,,,,,,,,,,,,,,,,,,,,,,,,,,,,,,,,,,,,,,,,,,,,,,,,,,,,,,,,,,,,,
1907,Manchester,,,Division 1,38,17,8,13,53,56,42,8,20,8,R1,,,,,,,,1,0–0,0,0,,1,,1,1-0,1,0,1,,,2,1,1,0,1,0,3,,,,,,,,,,,,,,,,,,,,,,,,,,,,2,1,1,0,1,0
1908,Manchester,,,Division 1,38,23,6,9,81,48,52,1,20,1,R4,,W,,,,,,1,4–0,4,0,1,,,1,4-7,4,7,,,1,2,1,0,1,8,7,2,,,,,,,,,,,,,,,,,,,,,,,,,,,,2,1,0,1,8,7
1909,Manchester,,,Division 1,38,15,7,16,58,68,37,13,20,13,W,,,,,,,,1,3–2,3,2,1,,,1,1-3,1,3,,,1,2,1,0,1,4,5,2,,,,,,,,,,,,,,,,,,,,,,,,,,,,2,1,0,1,4,5
1910,Manchester,,,Division 1,38,19,7,12,69,61,45,5,20,5,R1,,,,,,,,1,3–4,3,4,,,1,1,2-3,2,3,,,1,2,0,0,2,5,7,0,,,,,,,,,,,,,,,,,,,,,,,,,,,,2,0,0,2,5,7
1911,Manchester,,,Division 1,38,22,8,8,72,40,52,1,20,1,R3,,,,,,,,1,2–0,2,0,1,,,1,2-3,2,3,,,1,2,1,0,1,4,3,2,,,,,,,,,,,,,,,,,,,,,,,,,,,,2,1,0,1,4,3
1912,Manchester,,,Division 1,38,13,11,14,45,60,37,13,20,13,R4,,W,,,,,,1,1–1,1,1,,1,,1,2-3,2,3,,,1,2,0,1,1,3,4,1,,,,,,,,,,,,,,,,,,,,,,,,,,,,2,0,1,1,3,4
1913,Manchester,,,Division 1,38,19,8,11,69,43,46,4,20,4,R3,,,,,,,,1,3–1,3,1,1,,,1,2-0,2,0,1,,,2,2,0,0,5,1,4,,,,,,,,,,,,,,,,,,,,,,,,,,,,2,2,0,0,5,1
1914,Manchester,,,Division 1,38,15,6,17,52,62,36,14,20,14,R1,,,,,,,,1,3–0,3,0,1,,,1,2-1,2,1,1,,,2,2,0,0,5,1,4,,,,,,,,,,,,,,,,,,,,,,,,,,,,2,2,0,0,5,1
1915,Manchester,,,Division 1,38,9,12,17,46,62,30,18,20,18,R1,,,,,,,,1,2–0,2,0,1,,,1,1–1,1,1,,1,,2,1,1,0,3,1,3,,,,,,,,,,,,,,,,,,,,,,,,,,,,2,1,1,0,3,1
1920,Manchester,,,Division 1,42,13,14,15,54,50,40,12,22,12,R2,,,,,,,,1,0–0,0,0,,1,,1,0–0,0,0,,1,,2,0,2,0,0,0,2,,,,,,,,,,,,,,,,,,,,,,,,,,,,2,0,2,0,0,0
1921,Manchester,,,Division 1,42,15,10,17,64,68,40,13,22,13,R1,,,,,,,,1,1–1,1,1,,1,,1,0-2,0,2,,,1,2,0,1,1,1,3,1,1,1-2,1,2,,,1,1,1-1,1,1,,1,,,,,,,,,2,,1,1,2,3,4,0,2,2,3,6
1922,Manchester,,Y,Division 1,42,8,12,22,41,73,28,22,22,22,R1,,,,,,,,1,0–0,0,0,,1,,1,1-2,1,2,,,1,2,0,1,1,1,2,1,,,,,,,,,,,,,,,,,,,,,,,,,,,,2,0,1,1,1,2
1923,Manchester,,,Division 2,42,17,14,11,51,36,48,4,22,26,R2,,,,,,,,,,,,,,,,,,,,,,,,,,,,,,,,,,,,,,,,,,,,,,,,,,,,,,,,,,,,,
1924,Manchester,,,Division 2,42,13,14,15,52,44,40,14,22,36,R2,,,,,,,,,,,,,,,,,,,,,,,,,,,,,,,,,,,,,,,,,,,,,,,,,,,,,,,,,,,,,
1925,Manchester,Y,,Division 2,42,23,11,8,57,23,57,2,22,24,R1,,,,,,,,,,,,,,,,,,,,,,,,,,,,,,,,,,,,,,,,,,,,,,,,,,,,,,,,,,,,,
1926,Manchester,,,Division 1,42,19,6,17,66,73,44,9,22,9,SF,,,,,,,,1,3–3,3,3,,1,,1,0-5,0,5,,,1,2,0,1,1,3,8,1,,,,,,,,,,,,,,,,,,,,,,,,,,,,2,0,1,1,3,8
1927,Manchester,,,Division 1,42,13,14,15,52,64,40,15,22,15,R3,,,,,,,,1,0–1,0,1,,,1,1,2-4,2,4,,,1,2,0,0,2,2,5,0,,,,,,,,,,,,,,,,,,,,,,,,,,,,2,0,0,2,2,5
1928,Manchester,,,Division 1,42,16,7,19,72,80,39,18,22,18,R6,,,,,,,,1,6–1,6,1,1,,,1,0-2,0,2,,,1,2,1,0,1,6,3,2,,,,,,,,,,,,,,,,,,,,,,,,,,,,2,1,0,1,6,3
1929,Manchester,,,Division 1,42,14,13,15,66,76,41,12,22,12,R4,,,,,,,,1,2–2,2,2,,1,,1,3-2,3,2,1,,,2,1,1,0,5,4,3,,,,,,,,,,,,,,,,,,,,,,,,,,,,2,1,1,0,5,4
1930,Manchester,,,Division 1,42,15,8,19,67,88,38,17,22,17,R3,,,,,,,,1,1–2,1,2,,,1,1,0-1,0,1,,,1,2,0,0,2,1,3,0,,,,,,,,,,,,,,,,,,,,,,,,,,,,2,0,0,2,1,3
1931,Manchester,,Y,Division 1,42,7,8,27,53,115,22,22,22,22,R4,,,,,,,,1,4–1,4,1,1,,,1,1–1,1,1,,1,,2,1,1,0,5,2,3,,,,,,,,,,,,,,,,,,,,,,,,,,,,2,1,1,0,5,2
1932,Manchester,,,Division 2,42,17,8,17,71,72,42,12,22,34,R3,,,,,,,,,,,,,,,,,,,,,,,,,,,,,,,,,,,,,,,,,,,,,,,,,,,,,,,,,,,,,
1933,Manchester,,,Division 2,42,15,13,14,71,68,43,6,22,28,R3,,,,,,,,,,,,,,,,,,,,,,,,,,,,,,,,,,,,,,,,,,,,,,,,,,,,,,,,,,,,,
1934,Manchester,,,Division 2,42,14,6,22,59,85,34,20,22,42,R3,,,,,,,,,,,,,,,,,,,,,,,,,,,,,,,,,,,,,,,,,,,,,,,,,,,,,,,,,,,,,
1935,Manchester,,,Division 2,42,23,4,15,76,55,50,5,22,27,R4,,,,,,,,,,,,,,,,,,,,,,,,,,,,,,,,,,,,,,,,,,,,,,,,,,,,,,,,,,,,,
1936,Manchester,Y,,Division 2,42,22,12,8,85,43,56,1,22,23,R4,,,,,,,,,,,,,,,,,,,,,,,,,,,,,,,,,,,,,,,,,,,,,,,,,,,,,,,,,,,,,
1937,Manchester,,Y,Division 1,42,10,12,20,55,78,32,21,22,21,R4,,,,,,,,1,2–5,2,5,,,1,1,0-2,0,2,,,1,2,0,0,2,2,7,0,,,,,,,,,,,,,,,,,,,,,,,,,,,,2,0,0,2,2,7
1938,Manchester,Y,,Division 2,42,22,9,11,82,50,53,2,22,24,R5,,,,,,,,,,,,,,,,,,,,,,,,,,,,,,,,,,,,,,,,,,,,,,,,,,,,,,,,,,,,,
1939,Manchester,,,Division 1,42,11,16,15,57,65,38,14,22,14,R3,,,,,,,,1,2–0,2,0,1,,,1,0-1,0,1,,,1,2,1,0,1,2,1,2,,,,,,,,,,,,,,,,,,,,,,,,,,,,2,1,0,1,2,1
1947,Manchester,,,Division 1,42,22,12,8,95,54,56,2,22,2,R4,,,,,,,,1,5–0,5,0,1,,,1,0-1,0,1,,,1,2,1,0,1,5,1,2,,,,,,,,,,,,,,,,,,,,,,,,,,,,2,1,0,1,5,1
1948,Manchester,,,Division 1,42,19,14,9,81,48,52,2,22,2,W,,,,,,,,1,2–0,2,0,1,,,1,2–2,2,2,,1,,2,1,1,0,4,2,3,,,,,,,,,,,,,,,1,3-0,3,0,1,,,1,1,,,3,0,3,2,1,0,7,2
1949,Manchester,,,Division 1,42,21,11,10,77,44,53,2,22,2,SF,,Runners-up,,,,,,1,0–0,0,0,,1,,1,2-0,2,0,1,,,2,1,1,0,2,0,3,,,,,,,,,,,,,,,,,,,,,,,,,,,,2,1,1,0,2,0
1950,Manchester,,,Division 1,42,18,14,10,69,44,50,4,22,4,R6,,,,,,,,1,0–0,0,0,,1,,1,1–1,1,1,,1,,2,0,2,0,1,1,2,,,,,,,,,,,,,,,,,,,,,,,,,,,,2,0,2,0,1,1
1951,Manchester,,,Division 1,42,24,8,10,74,40,56,2,22,2,R6,,,,,,,,1,1–0,1,0,1,,,1,1-2,1,2,,,1,2,1,0,1,2,2,2,,,,,,,,,,,,,,,,,,,,,,,,,,,,2,1,0,1,2,2
1952,Manchester,,,Division 1,42,23,11,8,95,52,57,1,22,1,R3,,,,,,,,1,4–0,4,0,1,,,1,0–0,0,0,,1,,2,1,1,0,4,0,3,,,,,,,,,,,,,,,,,,,,,,,,,,,,2,1,1,0,4,0
1953,Manchester,,,Division 1,42,18,10,14,69,72,46,8,22,8,R5,,W,,,,,,1,3–1,3,1,1,,,1,2-1,2,1,1,,,2,2,0,0,5,2,4,,,,,,,,,,,,,,,,,,,,,,,,,,,,2,2,0,0,5,2
1954,Manchester,,,Division 1,42,18,12,12,73,58,48,4,22,4,R3,,,,,,,,1,5–1,5,1,1,,,1,4–4,4,4,,1,,2,1,1,0,9,5,3,,,,,,,,,,,,,,,,,,,,,,,,,,,,2,1,1,0,9,5
1955,Manchester,,,Division 1,42,20,7,15,84,74,47,5,22,5,R4,,,,,,,,,,,,,,,,,,,,,,,,,,,,,,,,,,,,,,,,,,,,,,,,,,,,,,,,,,,,,
1956,Manchester,,,Division 1,42,25,10,7,83,51,60,1,22,1,R3,,,,,,,,,,,,,,,,,,,,,,,,,,,,,,,,,,,,,,,,,,,,,,,,,,,,,,,,,,,,,
1957,Manchester,,,Division 1,42,28,8,6,103,54,64,1,22,1,Runners-up,,W,European Cup – SF,,,,,,,,,,,,,,,,,,,,,,,,,,,,,,,,,,,,,,,,,,,,,,,,,,,,,,,,,,
1958,Manchester,,,Division 1,42,16,11,15,85,75,43,9,22,9,Runners-up,,W,European Cup – SF,,,,,,,,,,,,,,,,,,,,,,,,,,,,,,,,,,,,,,,,,,,,,,,,,,,,,,,,,,
1959,Manchester,,,Division 1,42,24,7,11,103,66,55,2,22,2,R3,,,,,,,,,,,,,,,,,,,,,,,,,,,,,,,,,,,,,,,,,,,,,,,,,,,,,,,,,,,,,
1960,Manchester,,,Division 1,42,19,7,16,102,80,45,7,22,7,R5,,,,,,,,,,,,,,,,,,,,,,,,,,,,,,,,,,,,1,3-1,3,1,1,,,,,,,,,,1,1,,,3,1,1,1,0,0,3,1
1961,Manchester,,,Division 1,42,18,9,15,88,76,45,7,22,7,R4,R2,,,,,,,,,,,,,,,,,,,,,,,,,,,,,,,,,,,,,,,,,,,,,,,,,,,,,,,,,,,,
1962,Manchester,,,Division 1,42,15,9,18,72,75,39,15,22,15,SF,n/ [19,,,,,,,,,,,,,,,,,,,,,,,,,,,,,,,,,,,,,,,,,,,,,,,,,,,,,,,,,,,,
1963,Manchester,,,Division 1,42,12,10,20,67,81,34,19,22,19,W,n/ [19,,,,,,,1,3–3,3,3,,1,,1,0-1,0,1,,,1,2,0,1,1,3,4,1,,,,,,,,,,,,,,,,,,,,,,,,,,,,2,0,1,1,3,4
1964,Manchester,,,Division 1,42,23,7,12,90,62,53,2,22,2,SF,n/ [19,Runners-up,Cup Winners' Cup – QF,,,,,1,0–1,0,1,,,1,1,0-3,0,3,,,1,2,0,0,2,0,4,0,,,,,,,,,,,,,,,,,,,,,,,,,,,,2,0,0,2,0,4
1965,Manchester,,,Division 1,42,26,9,7,89,39,61,1,22,1,SF,n/ [19,,Inter-Cities Fairs Cup – SF,,,,,1,3–0,3,0,1,,,1,2-0,2,0,1,,,2,2,0,0,5,0,4,1,2-2,2,2,,1,,,,,,,,,,,,,,,,1,,1,,2,2,3,2,1,0,7,2
1966,Manchester,,,Division 1,42,18,15,9,84,59,51,4,22,4,SF,n/ [19,W,European Cup – SF,,,,,1,2–0,2,0,1,,,1,1-2,1,2,,,1,2,1,0,1,3,2,2,,,,,,,,,,,,,,,,,,,,,,,,,,,,2,1,0,1,3,2
1967,Manchester,,,Division 1,42,24,12,6,84,45,60,1,22,1,R4,R2,,,,,,,1,2–2,2,2,,1,,1,0–0,0,0,,1,,2,0,2,0,2,2,2,,,,,,,,,,,,,,,,,,,,,,,,,,,,2,0,2,0,2,2
1968,Manchester,,,Division 1,42,24,8,10,89,55,56,2,22,2,R3,,W,W,,,,,1,1–2,1,2,,,1,1,2-1,2,1,1,,,2,1,0,1,3,3,2,,,,,,,,,,,,,,,,,,,,,,,,,,,,2,1,0,1,3,3
1969,Manchester,,,Division 1,42,15,12,15,57,53,42,11,22,11,R6,,,"European Cup – SF
		Intercontinental Cup – Runners-up",,,,,1,1–0,1,0,1,,,1,0-2,0,2,,,1,2,1,0,1,1,2,2,,,,,,,,,,,,,,,,,,,,,,,,,,,,2,1,0,1,1,2
1970,Manchester,,,Division 1,42,14,17,11,66,61,45,8,22,8,Third place,SF,,,,,,,1,1–0,1,0,1,,,1,4-1,4,1,1,,,2,2,0,0,5,1,4,,,,,,,,,,,,,,,,,,,,,,,,,,,,2,2,0,0,5,1
1971,Manchester,,,Division 1,42,16,11,15,65,66,43,8,22,8,R3,SF,,,,,,,1,0–2,0,2,,,1,1,1–1,1,1,,1,,2,0,1,1,1,3,1,,,,,,,,,,,,,,,,,,,,,,,,,,,,2,0,1,1,1,3
1972,Manchester,,,Division 1,42,19,10,13,69,61,48,8,22,8,R6,R4,,,,,,,1,0–3,0,3,,,1,1,2–2,2,2,,1,,2,0,1,1,2,5,1,,,,,,,,,,,,,,,,,,,,,,,,,,,,2,0,1,1,2,5
1973,Manchester,,,Division 1,42,12,13,17,44,60,37,18,22,18,R3,R3,,,,,,,1,2–0,2,0,1,,,1,0-2,0,2,,,1,2,1,0,1,2,2,2,,,,,,,,,,,,,,,,,,,,,,,,,,,,2,1,0,1,2,2
1974,Manchester,,Y,Division 1,42,10,12,20,38,48,32,21,22,21,R4,R2,,,,,,,1,0–0,0,0,,1,,1,0-2,0,2,,,1,2,0,1,1,0,2,1,,,,,,,,,,,,,,,,,,,,,,,,,,,,2,0,1,1,0,2
1975,Manchester,Y,,Division 2,42,26,9,7,66,30,61,1,22,23,R3,SF,,,,,,,,,,,,,,,,,,,,,,,,,,,,,,,,,,,,,,,,,,,,,,,,,,,,,,,0,0,0,0,0,0
1976,Manchester,,,Division 1,42,23,10,9,68,42,56,3,22,3,Runners-up,R4,,,,,,,1,0–0,0,0,,1,,1,1-3,1,3,,,1,2,0,1,1,1,3,1,,,,,,,,,,,,,,,,,,,,,,,,,,,,2,0,1,1,1,3
1977,Manchester,,,Division 1,42,18,11,13,71,62,47,6,22,6,W,R5,,UEFA Cup – R2,,,,,1,0–0,0,0,,1,,1,0-1,0,1,,,1,2,0,1,1,0,1,1,,,,,,,,,,,,,,,1,2-1,2,1,1,,,1,1,,,2,1,3,1,1,1,2,2
1978,Manchester,,,Division 1,42,16,10,16,67,63,42,10,22,10,R4,R2,W,Cup Winners' Cup – R2,,,,,1,2–0,2,0,1,,,1,1-3,1,3,,,1,2,1,0,1,3,3,2,,,,,,,,,,,,,,,1,0-0,0,0,,1,,1,,1,,0,0,3,1,1,1,3,3
1979,Manchester,,,Division 1,42,15,15,12,60,63,45,9,22,9,Runners-up,R3,,,,,,,1,0–3,0,3,,,1,1,0-2,0,2,,,1,2,0,0,2,0,5,0,,,,,,,,,,,,,,,2,"2-2, 1-0",3,2,1,1,,2,1,1,,3,2,4,1,1,2,3,7
1980,Manchester,,,Division 1,42,24,10,8,65,35,58,2,22,2,R3,R3,,,,,,,1,2–1,2,1,1,,,1,0-2,0,2,,,1,2,1,0,1,2,3,2,,,,,,,,,,,,,,,,,,,,,,,,,,,,2,1,0,1,2,3
1981,Manchester,,,Division 1,42,15,18,9,51,36,48,8,22,8,R4,R2,,UEFA Cup – R1,,,,,1,0–0,0,0,,1,,1,1-0,1,0,1,,,2,1,1,0,1,0,3,,,,,,,,,,,,,,,,,,,,,,,,,,,,2,1,1,0,1,0
1982,Manchester,,,Division 1,42,22,12,8,59,29,78,3,22,3,R3,R2,,,,,,,1,0–1,0,1,,,1,1,2-1,2,1,1,,,2,1,0,1,2,2,3,,,,,,,,,,,,,,,,,,,,,,,,,,,,2,1,0,1,2,2
1983,Manchester,,,Division 1,42,19,13,10,56,38,70,3,22,3,W,Runners-up,,UEFA Cup – R1,,,,,1,1–1,1,1,,1,,1,0–0,0,0,,1,,2,0,2,0,1,1,2,,,,,,,,,,,,,,,1,1-2,1,2,,,1,1,,,1,1,2,3,0,2,1,2,3
1984,Manchester,,,Division 1,42,20,14,8,71,41,74,4,22,4,R3,R4,W,Cup Winners' Cup – SF,,,,,1,1–0,1,0,1,,,1,1–1,1,1,,1,,2,1,1,0,2,1,4,,,,,,,,,,,,,,,1,2-0,2,0,1,,,1,1,,,2,0,3,2,1,0,4,1
1985,Manchester,,,Division 1,42,22,10,10,77,47,76,4,22,4,W,R3,,UEFA Cup – QF,,,,,1,1–1,1,1,,1,,1,1-0,1,0,1,,,2,1,1,0,2,1,4,,,,,,,,,,,,,,,2,"2-2, 2-1",4,3,1,1,,2,1,1,,4,3,4,2,2,0,6,4
1986,Manchester,,,Division 1,42,22,10,10,70,36,76,4,22,4,R5,R4,Runners-up,,,,,,1,1–1,1,1,,1,,1,1–1,1,1,,1,,2,0,2,0,2,2,2,,,,,,,,1,1-2,1,2,,,1,,,,,,,,1,,,1,1,2,3,0,2,1,3,4
1987,Manchester,,,Division 1,42,14,14,14,52,45,56,11,22,11,R4,R3,,,,,,,1,1–0,1,0,1,,,1,1-0,1,0,1,,,2,2,0,0,2,0,6,,,,,,,,,,,,,,,,,,,,,,,,,,,,2,2,0,0,2,0
1988,Manchester,,,Division 1,40,23,12,5,71,38,81,2,22,2,R5,R5,,,,,,,1,1–1,1,1,,1,,1,3–3,3,3,,1,,2,0,2,0,4,4,2,,,,,,,,,,,,,,,,,,,,,,,,,,,,2,0,2,0,4,4
1989,Manchester,,,Division 1,38,13,12,13,45,35,51,11,21,11,R6,R3,,,,,,,1,3–1,3,1,1,,,1,0-1,0,1,,,1,2,1,0,1,3,2,3,,,,,,,,,,,,,,,,,,,,,,,,,,,,2,1,0,1,3,2
1990,Manchester,,,Division 1,38,13,9,16,46,47,48,13,20,13,W,R3,,,,,,,1,1–2,1,2,,,1,1,0–0,0,0,,1,,2,0,1,1,1,2,1,,,,,,,,,,,,,,,,,,,,,,,,,,,,2,0,1,1,1,2
1991,Manchester,,,Division 1,38,16,12,10,58,45,59,6,20,6,R5,Runners-up,W,,,W,,,1,1–1,1,1,,1,,1,0-4,0,4,,,1,2,0,1,1,1,5,1,1,3-1,3,1,1,,,,,,,,,,1,1-1,1,1,,1,,2,1,1,,4,2,4,1,2,1,5,7
1992,Manchester,,,Division 1,42,21,15,6,63,33,78,2,22,2,R4,W,,"Cup Winners' Cup – R2
		",,,W,,1,0–0,0,0,,1,,1,0-2,0,2,,,1,2,0,1,1,0,2,1,,,,,,,,,,,,,,,,,,,,,,,,,,,,2,0,1,1,0,2
1993,Manchester,,,Division 1,42,24,12,6,67,31,84,1,22,1,R5,R3,,UEFA Cup – R1,,,,,1,2–2,2,2,,1,,1,2-1,2,1,1,,,2,1,1,0,4,3,4,,,,,,,,,,,,,,,,,,,,,,,,,,,,2,1,1,0,4,3
1994,Manchester,,,Division 1,42,27,11,4,80,38,92,1,22,1,W,Runners-up,W,Champions League – R2,,,,,1,1–0,1,0,1,,,1,3–3,3,3,,1,,2,1,1,0,4,3,4,,,,,,,,,,,,,,,,,,,,,,,,,,,,2,1,1,0,4,3
1995,Manchester,,,Division 1,42,26,10,6,77,28,88,2,22,2,Runners-up,R3,W,Champions League – Group,,,,,1,2–0,2,0,1,,,1,0-2,0,2,,,1,2,1,0,1,2,2,3,,,,,,,,,,,,,,,,,,,,,,,,,,,,2,1,0,1,2,2
1996,Manchester,,,Division 1,38,25,7,6,73,35,82,1,20,1,W,R2,,UEFA Cup – R1,,,,,1,2–2,2,2,,1,,1,0-2,0,2,,,1,2,0,1,1,2,4,1,,,,,,,,,,,,,,,1,1-0,1,0,1,,,1,1,,,1,0,3,1,1,1,3,4
1997,Manchester,,,Division 1,38,21,12,5,76,44,75,1,20,1,R4,R4,W,Champions League – SF,,,,,1,1–0,1,0,1,,,1,3-1,3,1,1,,,2,2,0,0,4,1,6,,,,,,,,,,,,,,,,,,,,,,,,,,,,2,2,0,0,4,1
1998,Manchester,,,Division 1,38,23,8,7,73,26,77,2,20,2,R5,R3,W,Champions League – QF,,,,,1,1–1,1,1,,1,,1,3-1,3,1,1,,,2,1,1,0,4,2,4,,,,,,,,,,,,,,,,,,,,,,,,,,,,2,1,1,0,4,2
1999,Manchester,,,Division 1,38,22,13,3,80,37,79,1,20,1,W,R5,Runners-up,W,,,,,1,2–0,2,0,1,,,1,2–2,2,2,,1,,2,1,1,0,4,2,4,1,2-1,2,1,1,,,,,,,,,,,,,,,,,1,1,,,2,1,3,2,1,0,6,3
2000,Manchester,,,Division 1,38,28,7,3,97,45,91,1,20,1,n/ [27,R3,Runners-up,"Champions League – QF
		Super Cup – Runners-up 
		 
		Club World Championship – Group",,,,W,1,1–1,1,1,,1,,1,3-2,3,2,1,,,2,1,1,0,4,3,4,,,,,,,,,,,,,,,,,,,,,,,,,,,,2,1,1,0,4,3
2001,Manchester,,,Division 1,38,24,8,6,79,31,80,1,20,1,R4,R4,Runners-up,Champions League – QF,,,,,1,0–1,0,1,,,1,1,0-2,0,2,,,1,2,0,0,2,0,3,0,,,,,,,,,,,,,,,,,,,,,,,,,,,,2,0,0,2,0,3
2002,Manchester,,,Division 1,38,24,5,9,87,45,77,3,20,3,R4,R3,Runners-up,Champions League – SF,,,,,1,0–1,0,1,,,1,1,1-3,1,3,,,1,2,0,0,2,1,4,0,,,,,,,,,,,,,,,1,1-2,1,2,,,1,1,,,1,1,2,3,0,0,3,2,6
2003,Manchester,,,Division 1,38,25,8,5,74,34,83,1,20,1,R5,Runners-up,,Champions League – QF,,,,,1,4–0,4,0,1,,,1,2-1,2,1,1,,,2,2,0,0,6,1,6,,,,,,,,,,,,,,,1,0-2,0,2,,,1,1,,,1,0,2,3,2,0,1,6,3
2004,Manchester,,,Division 1,38,23,6,9,64,35,75,3,20,3,W,R4,W,Champions League – Round of 16,,,,,1,0–1,0,1,,,1,1,2-1,2,1,1,,,2,1,0,1,2,2,3,,,,,,,,,,,,,,,,,,,,,,,,,,,,2,1,0,1,2,2
2005,Manchester,,,Division 1,38,22,11,5,58,26,77,3,20,3,Runners-up,SF,Runners-up,Champions League – Round of 16,,,,,1,2–1,2,1,1,,,1,1-0,1,0,1,,,2,2,0,0,3,1,6,,,,,,,,,,,,,,,,,,,,,,,,,,,,2,2,0,0,3,1
2006,Manchester,,,Division 1,38,25,8,5,72,34,83,2,20,2,R5,W,,Champions League – Group,,,,,1,1–0,1,0,1,,,1,0–0,0,0,,1,,2,1,1,0,1,0,4,,,,,,,,1,0-1,0,1,,,1,,,,,,,,1,,,1,0,1,3,1,1,1,1,1
2007,Manchester,,,Division 1,38,28,5,5,83,27,89,1,20,1,Runners-up,R4,,Champions League – SF,,,,,1,2–0,2,0,1,,,1,1-0,1,0,1,,,2,2,0,0,3,0,6,,,,,,,,,,,,,,,,,,,,,,,,,,,,2,2,0,0,3,0
2008,Manchester,,,Division 1,38,27,6,5,80,22,87,1,20,1,R6,R3,W,W,,,,,1,3–0,3,0,1,,,1,1-0,1,0,1,,,2,2,0,0,4,0,6,,,,,,,,,,,,,,,,,,,,,,,,,,,,2,2,0,0,4,0
2009,Manchester,,,Division 1,38,28,6,4,68,24,90,1,20,1,SF,W,W,"Champions League – Runners-up 
		Super Cup – Runners-up 
		",,,,W,1,1–4,1,4,,,1,1,1-2,1,2,,,1,2,0,0,2,2,6,0,,,,,,,,,,,,,,,,,,,,,,,,,,,,2,0,0,2,2,6
2010,Manchester,,,Division 1,38,27,4,7,86,28,85,2,20,2,R3,W,Runners-up,Champions League – QF,,,,,1,2–1,2,1,1,,,1,0-2,0,2,,,1,2,1,0,1,2,3,3,,,,,,,,,,,,,,,,,,,,,,,,,,,,2,1,0,1,2,3
2011,Manchester,,,Division 1,38,23,11,4,78,37,80,1,20,1,SF,R5,W,Champions League – Runners-up,,,,,1,3–2,3,2,1,,,1,1-3,1,3,,,1,2,1,0,1,4,5,3,1,1-0,1,0,1,,,,,,,,,,,,,,,,,1,1,,,1,0,3,2,0,1,5,5
2012,Manchester,,,Division 1,38,28,5,5,89,33,89,2,20,2,R4,R5,W,"Champions League – Group
		Europa League – Round of 16",,,,,1,2–1,2,1,1,,,1,1–1,1,1,,1,,2,1,1,0,3,2,4,,,,,,,,1,1-2,1,2,,,1,,,,,,,,1,,,1,1,2,3,1,1,1,4,4
2013,Manchester,,,Division 1,38,28,5,5,86,43,89,1,20,1,R6,R4,,Champions League – Round of 16,,,,,1,2–1,2,1,1,,,1,2-1,2,1,1,,,2,2,0,0,4,2,6,,,,,,,,,,,,,,,,,,,,,,,,,,,,2,2,0,0,4,2
2014,Manchester,,,Division 1,38,19,7,12,64,43,64,7,20,7,R3,SF,W,Champions League – QF,,,,,1,0–3,0,3,,,1,1,0-1,0,1,,,1,2,0,0,2,0,4,0,1,1-0,1,0,1,,,,,,,,,,,,,,,,,1,1,,,1,0,3,1,0,2,1,4
2015,Manchester,,,Division 1,38,20,10,8,62,37,70,4,20,4,R6,R2,,,,,,,1,3–0,3,0,1,,,1,2-1,2,1,1,,,2,2,0,0,5,1,6,,,,,,,,,,,,,,,,,,,,,,,,,,,,2,2,0,0,5,1
2016,Manchester,,,Division 1,38,19,9,10,49,35,66,5,20,5,W,R4,,"Champions League – Group
		Europa League – Round of 16",,,,,1,3–1,3,1,1,,,1,1-0,1,0,1,,,2,2,0,0,4,1,6,1,1-1,1,1,,1,,1,0-2,0,2,,,1,,,,,,,,2,,1,1,1,3,4,2,1,1,5,4
Man Utd,,,,,4450,2148,1060,1242,7708,5574,6146,,,,,,,,,,,,,,140,78,42,25,16,,,93,138,25,19,39,166,67,44,55,233,216,211,8,,13,8,5,3,1,6,,7,11,1,1,5,14,,18,15,6,4,4,30,12,8,10,38,34,196,79,52,65,271,250
Liverpool,,,,,4452,2106,1086,1258,7594,5471,6007,,,,,,,,,,,,,,138,93,39,19,25,,,78,140,16,25,42,166,55,44,67,216,233,172,7,,11,7,5,1,1,8,,8,13,1,3,5,14,,15,18,4,4,6,30,10,8,12,34,38,196,65,52,79,250,271